,summary,time,src_comp,comp_resolved
0,count,56652,56652,56652
1,mean,46604.85912236108,,
2,stddev,21106.478821128963,,
3,min,2,C1,C10
4,max,86396,C9996,C9884
