,summary,time,duration,src_comp,src_port,dst_comp,dst_port,protocol,pk_count,byte_count
0,count,8366186,8366186,8366186,8366186,8366186,8366186,8366186,8366186,8366186
1,mean,47926.17029181517,8.759052213278547,,437.81865843585973,,428.5899490147989,6.827495468066333,213.41332968212757,163120.3085246969
2,stddev,20057.46128368027,17.922331798004286,,1149.1461140369443,,1128.1930754425143,3.303052385047462,4704.26569183215,5801823.705640429
3,min,1,0,C10,1,C100,1,1,1,46
4,max,86399,73,C9997,N9999,C9997,N9999,6,1534824,2295971226
